symbol,name,,price,change,change_%,volume,avg_vol_(3m),market_cap,p/e_ratio(ttm),52_wkchange_%,52_wk_range
LUMN,"Lumen Technologies, Inc.",,4.5900+0.1200(+2.68%),+0.1200,+2.68%,10.248M,10.891M,4.709B,--,+45.71%,
JCI,Johnson Controls International plc,,103.24-8.28(-7.42%),-8.28,-7.42%,11.326M,4.758M,67.937B,38.24,+44.31%,
FSM,Fortuna Mining Corp.,,6.77+0.09(+1.35%),+0.09,+1.35%,10.227M,15.515M,2.082B,13.02,+40.17%,
CDE,"Coeur Mining, Inc.",,9.20+0.11(+1.21%),+0.11,+1.21%,9.972M,14.275M,5.885B,31.72,+41.76%,
AVTR,"Avantor, Inc.",,14.01+0.02(+0.14%),+0.02,+0.14%,9.905M,11.942M,9.547B,13.47,-47.63%,
HST,"Host Hotels & Resorts, Inc.",,16.28-0.12(-0.73%),-0.12,-0.73%,10.746M,9.654M,11.447B,16.96,-7.02%,
NSC,Norfolk Southern Corporation,,277.70-8.72(-3.04%),-8.72,-3.04%,9.748M,1.707M,62.376B,18.76,+11.28%,
PONY,Pony AI Inc.,,13.53-1.26(-8.52%),-1.26,-8.52%,9.729M,13.659M,4.807B,--,+12.75%,
BRO,"Brown & Brown, Inc.",,91.91-10.67(-10.40%),-10.67,-10.40%,9.654M,3.329M,30.316B,26.49,-7.56%,
PINS,"Pinterest, Inc.",,38.32-0.20(-0.52%),-0.20,-0.52%,9.614M,10.736M,25.928B,14.09,+19.94%,
CVS,CVS Health Corporation,,60.00+0.36(+0.60%),+0.36,+0.60%,11.024M,8.461M,75.901B,14.32,-0.55%,
TTD,"The Trade Desk, Inc.",,84.53-3.93(-4.44%),-3.93,-4.44%,10.394M,11.231M,41.329B,103.09,-5.95%,
PG,The Procter & Gamble Company,,156.61-0.50(-0.32%),-0.50,-0.32%,9.521M,8.032M,366.781B,24.06,-2.58%,
NOV,NOV Inc.,,13.03-1.13(-7.98%),-1.13,-7.98%,10.204M,4.029M,4.896B,8.74,-37.42%,
APH,Amphenol Corporation,,105.31-1.39(-1.30%),-1.39,-1.30%,9.476M,8.488M,128.575B,41.96,+63.88%,
BMY,Bristol-Myers Squibb Company,,46.86-0.65(-1.37%),-0.65,-1.37%,9.465M,13.903M,95.364B,17.49,-1.47%,
S,"SentinelOne, Inc.",,18.69-0.91(-4.64%),-0.91,-4.64%,10.291M,6.651M,6.214B,--,-18.38%,
TSM,Taiwan Semiconductor Manufacturing Company Limited,,241.33-1.42(-0.58%),-1.42,-0.58%,9.393M,12.137M,1.252T,28.49,+45.55%,
AMKR,"Amkor Technology, Inc.",,25.08+3.85(+18.13%),+3.85,+18.13%,9.373M,1.866M,6.196B,20.56,-23.21%,
WFC,Wells Fargo & Company,,82.65-0.42(-0.51%),-0.42,-0.51%,9.398M,17.197M,266.164B,14.20,+39.28%,
MSTR,Strategy Incorporated,,394.66-9.14(-2.26%),-9.14,-2.26%,10.535M,12.343M,111.907B,--,+144.46%,
CZR,"Caesars Entertainment, Inc.",,28.47-0.95(-3.23%),-0.95,-3.23%,9.257M,5.127M,5.921B,--,-28.74%,
PTON,"Peloton Interactive, Inc.",,6.18-0.20(-3.13%),-0.20,-3.13%,10.183M,13.45M,2.463B,--,+73.60%,
KDP,Keurig Dr Pepper Inc.,,33.85+0.88(+2.67%),+0.88,+2.67%,10.604M,11.538M,45.983B,29.96,-1.25%,
MBLY,Mobileye Global Inc.,,14.36-0.82(-5.40%),-0.82,-5.40%,8.801M,5.897M,11.686B,--,-31.62%,
HIMS,"Hims & Hers Health, Inc.",,60.27+1.59(+2.71%),+1.59,+2.71%,35.523M,46.325M,13.49B,88.63,+183.76%,
HBAN,Huntington Bancshares Incorporated,,16.75+0.11(+0.66%),+0.11,+0.66%,35.501M,29.207M,24.554B,12.50,+12.04%,
MARA,"MARA Holdings, Inc.",,16.61-0.55(-3.21%),-0.55,-3.21%,36.337M,48.954M,5.846B,--,-15.56%,
NOK,Nokia Oyj,,4.1800-0.0331(-0.78%),-0.0331,-0.78%,33.708M,18.542M,22.691B,22.00,+6.63%,
PFE,Pfizer Inc.,,24.30-0.01(-0.04%),-0.01,-0.04%,38.466M,40.946M,138.154B,17.61,-20.43%,
RIG,Transocean Ltd.,,3.0400-0.0200(-0.65%),-0.0200,-0.65%,32.193M,39.348M,2.685B,--,-47.50%,
STLA,Stellantis N.V.,,9.59-0.11(-1.13%),-0.11,-1.13%,31.754M,19.762M,28.553B,--,-42.54%,
NU,Nu Holdings Ltd.,,12.63+0.02(+0.16%),+0.02,+0.16%,31.292M,65.246M,60.932B,28.70,+4.12%,
ACHR,Archer Aviation Inc.,,10.19-0.60(-5.56%),-0.60,-5.56%,29.762M,40.143M,5.594B,--,+144.36%,
RGTI,"Rigetti Computing, Inc.",,14.47-1.10(-7.06%),-1.10,-7.06%,30.593M,54.284M,4.67B,--,"+1,304.85%",
RIOT,"Riot Platforms, Inc.",,13.60-0.91(-6.27%),-0.91,-6.27%,30.971M,40.402M,4.859B,--,+33.46%,
BTG,B2Gold Corp.,,3.4300+0.0200(+0.59%),+0.0200,+0.59%,29.438M,45.57M,4.549B,--,+14.33%,
QBTS,D-Wave Quantum Inc.,,17.67-0.68(-3.71%),-0.68,-3.71%,29.936M,70.949M,5.521B,--,"+1,667.00%",
CMCSA,Comcast Corporation,,32.83-0.70(-2.09%),-0.70,-2.09%,32.472M,19.899M,122.577B,8.09,-20.45%,
HOOD,"Robinhood Markets, Inc.",,103.32-3.45(-3.23%),-3.45,-3.23%,29.69M,44.458M,91.172B,59.04,+402.28%,
T,AT&T Inc.,,27.41-0.19(-0.69%),-0.19,-0.69%,28.068M,32.451M,195.992B,15.66,+42.39%,
AMCR,Amcor plc,,9.66+0.03(+0.31%),+0.03,+0.31%,27.665M,26.98M,22.134B,17.25,-8.26%,
AMZN,"Amazon.com, Inc.",,231.01-1.78(-0.76%),-1.78,-0.76%,33.23M,41.419M,2.452T,37.62,+23.55%,
GOOG,Alphabet Inc.,,196.43+3.01(+1.56%),+3.01,+1.56%,31.835M,28.234M,2.371T,20.92,+13.44%,
SOUN,"SoundHound AI, Inc.",,10.69-0.55(-4.89%),-0.55,-4.89%,26.739M,38.231M,4.295B,--,+110.02%,
KVUE,Kenvue Inc.,,22.17-0.19(-0.85%),-0.19,-0.85%,25.939M,19.058M,42.564B,39.59,+19.90%,
ITUB,Itaú Unibanco Holding S.A.,,6.25+0.07(+1.13%),+0.07,+1.13%,25.504M,30.04M,63.164B,8.93,+14.20%,
CMG,"Chipotle Mexican Grill, Inc.",,44.38-0.48(-1.07%),-0.48,-1.07%,25.587M,14.286M,59.508B,39.27,-18.30%,
BBD,Banco Bradesco S.A.,,2.7800+0.0300(+1.09%),+0.0300,+1.09%,24.959M,40.795M,27.265B,9.27,+25.23%,
MRK,"Merck & Co., Inc.",,82.63-1.43(-1.70%),-1.43,-1.70%,25.052M,15.156M,207.486B,12.73,-26.96%,
JNJ,Johnson & Johnson,,168.11+1.89(+1.14%),+1.89,+1.14%,7.662M,8.257M,404.866B,17.98,+6.50%,
NEE,"NextEra Energy, Inc.",,71.95+0.61(+0.86%),+0.61,+0.86%,7.584M,12.406M,148.166B,25.07,-5.81%,
XPEV,XPeng Inc.,,18.40-0.54(-2.85%),-0.54,-2.85%,7.478M,6.768M,18.158B,--,+128.29%,
PM,Philip Morris International Inc.,,162.75+4.98(+3.16%),+4.98,+3.16%,7.493M,5.613M,253.335B,24.11,+41.33%,
CCCS,CCC Intelligent Solutions Holdings Inc.,,9.92-0.06(-0.60%),-0.06,-0.60%,8.715M,7.766M,6.538B,992.00,-3.31%,
CPNG,"Coupang, Inc.",,29.83-0.23(-0.77%),-0.23,-0.77%,7.381M,10.83M,54.16B,213.07,+43.76%,
PBR-A,Petróleo Brasileiro S.A. - Petrobras,,11.69+0.23(+2.01%),+0.23,+2.01%,7.373M,6.19M,78.126B,8.72,-11.17%,
VOD,Vodafone Group Public Limited Company,,11.11-0.05(-0.45%),-0.05,-0.45%,7.555M,13.791M,27.323B,--,+18.70%,
U,Unity Software Inc.,,32.54-0.95(-2.84%),-0.95,-2.84%,7.336M,13.875M,13.527B,--,+98.90%,
DJT,Trump Media & Technology Group Corp.,,17.81-0.98(-5.22%),-0.98,-5.22%,7.289M,8.342M,4.935B,16.05,-38.03%,
SYY,Sysco Corporation,,78.38-1.97(-2.45%),-1.97,-2.45%,7.26M,2.87M,37.426B,21.01,+2.26%,
EQNR,Equinor ASA,,27.06+0.98(+3.76%),+0.98,+3.76%,7.227M,4.068M,68.495B,8.96,+1.88%,
FLG,"Flagstar Financial, Inc.",,11.82+0.46(+4.05%),+0.46,+4.05%,7.179M,6.868M,4.909B,--,+12.36%,
MRNA,"Moderna, Inc.",,32.66-1.25(-3.69%),-1.25,-3.69%,8.27M,10.909M,12.631B,--,-72.61%,
STM,STMicroelectronics N.V.,,26.54-0.15(-0.56%),-0.15,-0.56%,7.127M,7.359M,23.725B,38.46,-21.39%,
SBSW,Sibanye Stillwater Limited,,9.15-0.07(-0.76%),-0.07,-0.76%,7.049M,10.638M,6.638B,--,+101.99%,
GM,General Motors Company,,52.11-1.34(-2.51%),-1.34,-2.51%,7.047M,10.01M,49.613B,7.96,+17.58%,
BAX,Baxter International Inc.,,28.84+0.32(+1.12%),+0.32,+1.12%,6.93M,4.133M,14.8B,--,-19.49%,
IPG,"The Interpublic Group of Companies, Inc.",,25.41-0.11(-0.43%),-0.11,-0.43%,6.905M,7.71M,9.307B,21.53,-21.01%,
AI,"C3.ai, Inc.",,24.48-1.31(-5.08%),-1.31,-5.08%,6.91M,6.585M,3.29B,--,-8.49%,
CFLT,"Confluent, Inc.",,26.97-0.03(-0.11%),-0.03,-0.11%,6.876M,6.092M,9.18B,--,+7.79%,
ALAB,"Astera Labs, Inc.",,118.41-5.64(-4.55%),-5.64,-4.55%,6.866M,4.837M,19.528B,90.39,+170.10%,
HBM,Hudbay Minerals Inc.,,9.86+0.02(+0.20%),+0.02,+0.20%,6.813M,7.656M,3.913B,25.28,+18.23%,
OKTA,"Okta, Inc.",,98.99+1.15(+1.18%),+1.15,+1.18%,6.785M,3.876M,17.33B,152.29,+5.38%,
IVZ,Invesco Ltd.,,21.72+0.04(+0.18%),+0.04,+0.18%,6.715M,6.021M,9.687B,23.35,+25.84%,
COIN,"Coinbase Global, Inc.",,371.44-8.05(-2.12%),-8.05,-2.12%,9.148M,14.63M,94.608B,69.95,+65.56%,
TEM,"Tempus AI, Inc.",,58.29-3.71(-5.98%),-3.71,-5.98%,9.116M,12.743M,10.091B,--,+34.68%,
FNB,F.N.B. Corporation,,15.56-0.15(-0.95%),-0.15,-0.95%,8.61M,3.587M,5.588B,12.06,+1.43%,
ETSY,"Etsy, Inc.",,60.30-2.45(-3.90%),-2.45,-3.90%,8.564M,5.591M,6.288B,43.70,-7.43%,
PATH,UiPath Inc.,,12.08-0.13(-1.06%),-0.13,-1.06%,10.646M,11.332M,6.463B,--,-0.74%,
SMR,NuScale Power Corporation,,48.97-2.02(-3.96%),-2.02,-3.96%,9.406M,13.917M,6.532B,--,+379.16%,
RUN,Sunrun Inc.,,10.75-0.40(-3.59%),-0.40,-3.59%,8.475M,24.142M,2.456B,--,-38.68%,
ASTS,"AST SpaceMobile, Inc.",,53.09-1.13(-2.08%),-1.13,-2.08%,8.419M,13.959M,17.965B,--,+156.72%,
ORCL,Oracle Corporation,,249.98+2.27(+0.92%),+2.27,+0.92%,8.403M,12.769M,702.151B,57.73,+79.26%,
ANET,Arista Networks Inc,,118.62+1.07(+0.91%),+1.07,+0.91%,8.378M,9.561M,148.977B,50.05,+36.92%,
IAG,IAMGOLD Corporation,,6.97+0.05(+0.72%),+0.05,+0.72%,8.264M,15.526M,4.015B,4.77,+69.17%,
COMP,"Compass, Inc.",,7.37+0.02(+0.27%),+0.02,+0.27%,8.237M,7.555M,3.842B,--,+67.88%,
ENVX,Enovix Corporation,,14.26-0.80(-5.31%),-0.80,-5.31%,8.172M,6.696M,2.76B,--,-1.04%,
BE,Bloom Energy Corporation,,34.75-0.03(-0.09%),-0.03,-0.09%,8.145M,6.977M,8.07B,"1,737.50",+156.65%,
GPK,Graphic Packaging Holding Company,,22.46-0.67(-2.90%),-0.67,-2.90%,8.068M,3.527M,6.778B,11.01,-25.38%,
ERIC,Telefonaktiebolaget LM Ericsson (publ),,7.37-0.04(-0.54%),-0.04,-0.54%,8.297M,21.634M,25.718B,13.40,+6.97%,
WIT,Wipro Limited,,2.8000+0.0300(+1.08%),+0.0300,+1.08%,7.99M,5.743M,30.594B,18.67,-9.09%,
BB,BlackBerry Limited,,3.7500-0.0800(-2.09%),-0.0800,-2.09%,7.975M,14.228M,2.239B,187.50,+54.96%,
PTEN,"Patterson-UTI Energy, Inc.",,6.35+0.11(+1.76%),+0.11,+1.76%,9.065M,12.151M,2.451B,--,-42.22%,
ON,ON Semiconductor Corporation,,58.38-0.28(-0.48%),-0.28,-0.48%,9.149M,9.887M,24.396B,40.54,-25.39%,
ACI,"Albertsons Companies, Inc.",,19.67-0.02(-0.10%),-0.02,-0.10%,7.866M,5.539M,11.012B,11.99,-0.81%,
QCOM,QUALCOMM Incorporated,,162.08+1.03(+0.64%),+1.03,+0.64%,9.446M,8.209M,177.964B,16.52,-10.43%,
WDC,Western Digital Corporation,,70.61+1.62(+2.36%),+1.62,+2.36%,8.524M,6.4M,24.634B,24.18,+39.32%,
GNW,"Genworth Financial, Inc.",,8.00-0.11(-1.36%),-0.11,-1.36%,7.749M,7.374M,3.316B,15.09,+18.17%,
ASX,"ASE Technology Holding Co., Ltd.",,10.48-0.09(-0.85%),-0.09,-0.85%,7.687M,11.174M,22.79B,20.55,+4.59%,
FTI,TechnipFMC plc,,37.51+0.69(+1.87%),+0.69,+1.87%,5.187M,4.237M,15.417B,17.86,+27.15%,
MS,Morgan Stanley,,143.56+1.00(+0.70%),+1.00,+0.70%,5.156M,5.704M,229.409B,16.26,+39.10%,
UAL,"United Airlines Holdings, Inc.",,90.65-1.78(-1.93%),-1.78,-1.93%,5.141M,7.683M,29.346B,9.09,+99.58%,
COP,ConocoPhillips,,97.99+0.97(+1.00%),+0.97,+1.00%,5.135M,7.837M,123.704B,12.42,-11.88%,
MQ,"Marqeta, Inc.",,5.67-0.10(-1.73%),-0.10,-1.73%,5.126M,7.295M,2.655B,56.70,+5.19%,
TFC,Truist Financial Corporation,,44.73-0.36(-0.80%),-0.36,-0.80%,5.089M,7.72M,57.677B,12.12,+0.09%,
VLY,Valley National Bancorp,,9.48-0.04(-0.42%),-0.04,-0.42%,5.723M,9.18M,5.311B,12.15,+12.86%,
W,Wayfair Inc.,,66.69-1.17(-1.72%),-1.17,-1.72%,5.063M,4.91M,8.557B,--,+22.52%,
NLY,"Annaly Capital Management, Inc.",,20.82+0.14(+0.68%),+0.14,+0.68%,5.075M,7.468M,13.368B,20.02,+4.57%,
JPM,JPMorgan Chase & Co.,,297.04-1.24(-0.42%),-1.24,-0.42%,5.02M,8.447M,816.762B,15.24,+39.59%,
SOFI,"SoFi Technologies, Inc.",,22.40+1.38(+6.57%),+1.38,+6.57%,226.855M,68.236M,24.76B,52.09,+197.08%,
NVDA,NVIDIA Corporation,,175.51-1.24(-0.70%),-1.24,-0.70%,152.871M,193.091M,4.28T,56.80,+49.98%,
LCID,"Lucid Group, Inc.",,2.5600-0.2300(-8.24%),-0.2300,-8.24%,117.625M,153.302M,7.809B,--,-27.27%,
NVO,Novo Nordisk A/S,,53.94-15.06(-21.83%),-15.06,-21.83%,110.21M,11.15M,246.823B,14.58,-59.33%,
AMD,"Advanced Micro Devices, Inc.",,177.44+3.78(+2.18%),+3.78,+2.18%,107.267M,49.76M,287.701B,129.52,+22.81%,
TSLA,"Tesla, Inc.",,321.20-4.39(-1.35%),-4.39,-1.35%,86.989M,108.396M,1.036T,192.34,+38.41%,
QS,QuantumScape Corporation,,9.28-1.70(-15.48%),-1.70,-15.48%,69.968M,38.909M,5.253B,--,+43.65%,
AAL,American Airlines Group Inc.,,11.42-0.16(-1.38%),-0.16,-1.38%,70.609M,60.824M,7.535B,13.60,+7.33%,
INTC,Intel Corporation,,20.41-0.27(-1.31%),-0.27,-1.31%,78.195M,80.907M,89.335B,--,-33.60%,
WBD,"Warner Bros. Discovery, Inc.",,13.12-0.58(-4.23%),-0.58,-4.23%,64.92M,58.525M,32.46B,--,+51.68%,
SMCI,"Super Micro Computer, Inc.",,58.63-1.42(-2.36%),-1.42,-2.36%,57.301M,44.988M,34.991B,31.86,-16.44%,
F,Ford Motor Company,,11.08-0.20(-1.77%),-0.20,-1.77%,54.928M,90.507M,44.06B,8.86,+2.40%,
VALE,Vale S.A.,,9.89+0.05(+0.51%),+0.05,+0.51%,44.781M,39.467M,43.27B,7.17,-8.85%,
PLTR,Palantir Technologies Inc.,,156.24-1.64(-1.04%),-1.64,-1.04%,41.987M,81.359M,368.712B,679.30,+481.03%,
PYPL,"PayPal Holdings, Inc.",,71.45-6.77(-8.66%),-6.77,-8.66%,42.82M,9.94M,68.592B,15.30,+8.62%,
UNH,UnitedHealth Group Incorporated,,261.07-21.05(-7.46%),-21.05,-7.46%,39.259M,19.267M,236.827B,11.30,-54.69%,
AAPL,Apple Inc.,,211.27-2.78(-1.30%),-2.78,-1.30%,48.541M,53.252M,3.155T,32.91,-4.87%,
GRAB,Grab Holdings Limited,,5.31+0.02(+0.44%),+0.02,+0.44%,39.533M,36.512M,21.898B,531.00,+60.91%,
SNAP,Snap Inc.,,9.33-0.36(-3.72%),-0.36,-3.72%,37.313M,35.54M,15.696B,--,-29.95%,
NIO,NIO Inc.,,4.7100-0.1200(-2.48%),-0.1200,-2.48%,37.18M,44.072M,10.901B,--,+6.08%,
CSX,CSX Corporation,,35.42-0.29(-0.81%),-0.29,-0.81%,41.98M,16.436M,66.033B,21.73,+0.91%,
RIVN,"Rivian Automotive, Inc.",,13.06-0.72(-5.22%),-0.72,-5.22%,38.519M,32.035M,15.645B,--,-20.41%,
GOOGL,Alphabet Inc.,,195.75+3.17(+1.65%),+3.17,+1.65%,40.619M,42.068M,2.371T,20.87,+14.11%,
WULF,TeraWulf Inc.,,5.22+0.12(+2.35%),+0.12,+2.35%,35.129M,46.927M,2.034B,--,+25.48%,
KEY,KeyCorp,,18.39-0.05(-0.27%),-0.05,-0.27%,34.809M,17.269M,20.458B,--,+14.01%,
BABA,Alibaba Group Holding Limited,,119.36-2.79(-2.28%),-2.79,-2.28%,12.603M,13.902M,293.375B,15.91,+51.38%,
DOC,"Healthpeak Properties, Inc.",,17.37+0.11(+0.64%),+0.11,+0.64%,11.865M,6.744M,12.071B,72.38,-20.39%,
MO,"Altria Group, Inc.",,59.36+0.64(+1.09%),+0.64,+1.09%,11.815M,8.551M,99.989B,9.96,+21.12%,
INFY,Infosys Limited,,17.21+0.05(+0.29%),+0.05,+0.29%,11.563M,11.871M,72.306B,22.35,-22.23%,
DOW,Dow Inc.,,25.18-0.53(-2.06%),-0.53,-2.06%,11.592M,12.266M,17.849B,--,-53.77%,
AG,First Majestic Silver Corp.,,8.39+0.04(+0.48%),+0.04,+0.48%,11.527M,23.607M,4.075B,--,+35.76%,
SPOT,Spotify Technology S.A.,,620.01-80.97(-11.55%),-80.97,-11.55%,11.453M,2.02M,127.137B,94.08,+80.27%,
UEC,Uranium Energy Corp.,,8.75-0.24(-2.67%),-0.24,-2.67%,11.42M,14.336M,3.888B,--,+47.55%,
META,"Meta Platforms, Inc.",,700.00-17.63(-2.46%),-17.63,-2.46%,13.182M,12.367M,1.76T,27.40,+47.42%,
LUV,Southwest Airlines Co.,,31.10-1.42(-4.37%),-1.42,-4.37%,11.588M,12.02M,16.333B,48.59,+15.44%,
TMC,TMC the metals company Inc.,,6.61-0.84(-11.28%),-0.84,-11.28%,11.392M,11.165M,3.45B,--,+512.04%,
JD,"JD.com, Inc.",,32.22-1.00(-3.01%),-1.00,-3.01%,11.08M,10.42M,47.016B,7.82,+22.09%,
OXY,Occidental Petroleum Corporation,,45.46-0.09(-0.20%),-0.09,-0.20%,11.073M,11.731M,44.739B,18.40,-25.25%,
GGB,Gerdau S.A.,,2.9600-0.0100(-0.34%),-0.0100,-0.34%,11.002M,14.006M,5.796B,10.57,-8.64%,
AES,The AES Corporation,,13.43-0.08(-0.59%),-0.08,-0.59%,11.001M,17.838M,9.561B,7.30,-24.51%,
NKE,"NIKE, Inc.",,78.33-0.91(-1.15%),-0.91,-1.15%,10.976M,16.761M,115.686B,36.26,+4.64%,
WRD,WeRide Inc.,,9.95-0.31(-2.97%),-0.31,-2.97%,10.915M,15.234M,2.831B,--,-39.88%,
PR,Permian Resources Corporation,,14.42+0.09(+0.63%),+0.09,+0.63%,10.827M,11.205M,11.534B,8.79,-6.00%,
VZ,Verizon Communications Inc.,,42.71+0.35(+0.83%),+0.35,+0.83%,10.786M,17.438M,180.079B,9.93,+5.40%,
UMC,United Microelectronics Corporation,,7.12-0.08(-1.11%),-0.08,-1.11%,10.681M,8.564M,18.309B,11.30,-14.93%,
HLN,Haleon plc,,9.81+0.11(+1.13%),+0.11,+1.13%,10.564M,15.408M,44.067B,23.36,+7.21%,
FRSH,Freshworks Inc.,,13.91-0.09(-0.64%),-0.09,-0.64%,11.077M,3.196M,4.104B,--,+11.28%,
EQX,Equinox Gold Corp.,,6.34+0.05(+0.79%),+0.05,+0.79%,10.499M,14.791M,4.79B,8.93,+12.81%,
NBIS,Nebius Group N.V.,,50.40-2.35(-4.45%),-2.35,-4.45%,10.572M,13.298M,12.031B,--,+152.00%,
LYG,Lloyds Banking Group plc,,4.3000+0.1000(+2.38%),+0.1000,+2.38%,10.269M,17.93M,64.232B,12.29,+41.91%,
AZN,AstraZeneca PLC,,73.98+2.15(+2.99%),+2.15,+2.99%,14.325M,4.588M,232.98B,29.71,-6.53%,
VFC,V.F. Corporation,,12.40-0.12(-0.96%),-0.12,-0.96%,14.241M,8.028M,4.833B,68.89,-26.89%,
VRT,Vertiv Holdings Co,,142.70+0.15(+0.11%),+0.15,+0.11%,14.82M,7.089M,54.384B,82.97,+81.32%,
MU,"Micron Technology, Inc.",,111.96+0.71(+0.64%),+0.71,+0.64%,16.098M,21.662M,125.298B,20.17,+1.95%,
WMT,Walmart Inc.,,98.33+0.72(+0.74%),+0.72,+0.74%,14.028M,16.341M,784.715B,42.02,+43.25%,
KHC,The Kraft Heinz Company,,28.56+0.31(+1.10%),+0.31,+1.10%,13.994M,14.502M,33.802B,13.04,-18.89%,
RKLB,Rocket Lab Corporation,,43.79-1.32(-2.93%),-1.32,-2.93%,14.643M,22.762M,20.99B,--,+735.69%,
KMI,"Kinder Morgan, Inc.",,27.88+0.67(+2.46%),+0.67,+2.46%,13.57M,13.691M,61.952B,22.85,+31.95%,
BKR,Baker Hughes Company,,45.75-0.80(-1.72%),-0.80,-1.72%,15.811M,7.893M,45.104B,14.95,+18.16%,
LYFT,"Lyft, Inc.",,14.04-0.12(-0.85%),-0.12,-0.85%,13.192M,16.67M,5.906B,93.60,+16.51%,
C,Citigroup Inc.,,94.48-1.07(-1.12%),-1.07,-1.12%,13.166M,13.742M,173.928B,13.96,+45.62%,
CARR,Carrier Global Corporation,,71.67-8.51(-10.61%),-8.51,-10.61%,13.095M,4.908M,61.138B,47.78,+5.23%,
FHN,First Horizon Corporation,,22.31-0.21(-0.93%),-0.21,-0.93%,12.886M,6.083M,11.356B,15.49,+33.35%,
FCX,Freeport-McMoRan Inc.,,43.23-0.56(-1.28%),-0.56,-1.28%,12.828M,13.427M,60.522B,32.75,-4.80%,
PANW,"Palo Alto Networks, Inc.",,193.84-10.66(-5.21%),-10.66,-5.21%,13.58M,4.935M,129.253B,111.40,+19.39%,
MSFT,Microsoft Corporation,,512.57+0.07(+0.01%),+0.07,+0.01%,16.193M,19.624M,3.81T,39.67,+22.52%,
MRVL,"Marvell Technology, Inc.",,76.34+0.43(+0.57%),+0.43,+0.57%,14.624M,20.298M,65.82B,--,+13.97%,
AEO,"American Eagle Outfitters, Inc.",,11.53-0.50(-4.16%),-0.50,-4.16%,13.74M,9.12M,1.998B,11.77,-47.71%,
CAG,"Conagra Brands, Inc.",,19.38+0.18(+0.94%),+0.18,+0.94%,12.517M,9.021M,9.253B,8.07,-36.08%,
KO,The Coca-Cola Company,,69.38+1.29(+1.89%),+1.29,+1.89%,12.348M,15.761M,298.589B,24.60,+3.96%,
SLB,Schlumberger Limited,,35.63-0.37(-1.03%),-0.37,-1.03%,12.248M,15.906M,53.148B,12.20,-26.22%,
CNP,"CenterPoint Energy, Inc.",,38.29+0.99(+2.65%),+0.99,+2.65%,12.152M,5.577M,24.998B,26.78,+37.98%,
MP,MP Materials Corp.,,60.26-3.85(-6.01%),-3.85,-6.01%,12.146M,14.197M,10.67B,--,+345.71%,
CSCO,"Cisco Systems, Inc.",,67.96+0.04(+0.06%),+0.04,+0.06%,15.25M,19.692M,269.122B,27.74,+40.27%,
YMM,Full Truck Alliance Co. Ltd.,,11.83+0.32(+2.78%),+0.32,+2.78%,11.956M,7.401M,12.373B,23.66,+55.66%,
PARA,Paramount Global,,13.25+0.21(+1.61%),+0.21,+1.61%,27.686M,8.32M,9.353B,--,+16.02%,
CLF,Cleveland-Cliffs Inc.,,10.86-0.40(-3.55%),-0.40,-3.55%,24.389M,34.449M,5.372B,--,-29.25%,
UPS,"United Parcel Service, Inc.",,90.84-10.74(-10.57%),-10.74,-10.57%,23.883M,5.49M,76.923B,13.52,-30.32%,
PBR,Petróleo Brasileiro S.A. - Petrobras,,12.84+0.29(+2.31%),+0.29,+2.31%,23.582M,22.399M,78.127B,9.58,-10.02%,
IREN,IREN Limited,,15.79-0.79(-4.76%),-0.79,-4.76%,23.909M,23.591M,3.819B,--,+56.80%,
PSLV,Sprott Physical Silver Trust,,12.93+0.01(+0.08%),+0.01,+0.08%,23.205M,30.662M,6.813B,4.25,+30.47%,
RXRX,"Recursion Pharmaceuticals, Inc.",,5.95-0.36(-5.71%),-0.36,-5.71%,23.634M,28.611M,2.58B,--,-27.44%,
JOBY,"Joby Aviation, Inc.",,16.89-0.27(-1.57%),-0.27,-1.57%,24.145M,29.25M,14.213B,--,+182.44%,
ADT,ADT Inc.,,8.34-0.02(-0.24%),-0.02,-0.24%,22.944M,17.822M,6.839B,11.75,+7.20%,
UBER,"Uber Technologies, Inc.",,87.11-3.49(-3.85%),-3.49,-3.85%,22.874M,21.453M,182.162B,15.26,+35.12%,
LI,Li Auto Inc.,,27.38-1.81(-6.20%),-1.81,-6.20%,23.287M,4.512M,28.067B,25.59,+38.70%,
BCS,Barclays PLC,,20.05+0.64(+3.30%),+0.64,+3.30%,22.736M,15.735M,70.717B,9.28,+68.20%,
APLD,Applied Digital Corporation,,10.12-0.46(-4.35%),-0.46,-4.35%,22.594M,49.957M,2.278B,--,+108.23%,
WU,The Western Union Company,,8.09-0.35(-4.15%),-0.35,-4.15%,21.721M,8.135M,2.613B,3.06,-31.96%,
BAC,Bank of America Corporation,,47.95-0.28(-0.58%),-0.28,-0.58%,26.195M,39.881M,356.589B,14.06,+18.95%,
CCL,Carnival Corporation & plc,,29.70-0.03(-0.10%),-0.03,-0.10%,22.553M,24.058M,40.27B,15.55,+78.27%,
GTLS,"Chart Industries, Inc.",,198.80+27.15(+15.82%),+27.15,+15.82%,21.041M,1.13M,8.934B,36.48,+23.42%,
CNC,Centene Corporation,,25.53-1.33(-4.95%),-1.33,-4.95%,22.629M,12.073M,12.539B,6.20,-66.81%,
IONQ,"IonQ, Inc.",,40.53-1.81(-4.27%),-1.81,-4.27%,19.796M,23.054M,11.806B,--,+397.30%,
SBUX,Starbucks Corporation,,92.96-0.71(-0.76%),-0.71,-0.76%,19.28M,9.513M,105.64B,33.80,+19.26%,
UNP,Union Pacific Corporation,,223.77-5.47(-2.39%),-5.47,-2.39%,19.009M,3.606M,132.705B,19.46,-9.31%,
HAL,Halliburton Company,,23.08+0.24(+1.05%),+0.24,+1.05%,18.969M,15.545M,19.678B,10.84,-33.45%,
ABEV,Ambev S.A.,,2.3400+0.0400(+1.74%),+0.0400,+1.74%,18.721M,29.012M,36.571B,14.62,+13.59%,
BA,The Boeing Company,,226.08-10.33(-4.37%),-10.33,-4.37%,18.76M,8.39M,170.952B,--,+18.61%,
HPE,Hewlett Packard Enterprise Company,,20.85-0.03(-0.14%),-0.03,-0.14%,18.352M,18.09M,27.36B,20.05,+4.72%,
RF,Regions Financial Corporation,,26.19-0.11(-0.42%),-0.11,-0.42%,18.386M,10.027M,23.414B,12.24,+17.08%,
OSCR,"Oscar Health, Inc.",,13.84-0.83(-5.66%),-0.83,-5.66%,18.118M,23.816M,3.525B,34.60,-21.72%,
KGC,Kinross Gold Corporation,,16.01+0.30(+1.91%),+0.30,+1.91%,17.913M,20.008M,19.66B,16.34,+76.71%,
NGD,New Gold Inc.,,4.3100+0.1800(+4.36%),+0.1800,+4.36%,17.81M,22.739M,3.429B,21.55,+86.58%,
AUR,"Aurora Innovation, Inc.",,5.97-0.31(-4.94%),-0.31,-4.94%,19.811M,24.716M,10.56B,--,+49.25%,
CLSK,"CleanSpark, Inc.",,11.73-0.30(-2.49%),-0.30,-2.49%,17.685M,27.365M,3.295B,--,-26.69%,
TEVA,Teva Pharmaceutical Industries Limited,,16.54+0.03(+0.18%),+0.03,+0.18%,17.463M,11.767M,19.222B,--,-5.11%,
CNH,CNH Industrial N.V.,,12.81-0.18(-1.39%),-0.18,-1.39%,17.384M,19.751M,16.005B,16.01,+20.28%,
HL,Hecla Mining Company,,6.02+0.04(+0.67%),+0.04,+0.67%,17.28M,21.946M,3.808B,50.17,+4.15%,
PCG,PG&E Corporation,,13.99+0.01(+0.07%),+0.01,+0.07%,17.234M,24.206M,30.746B,12.83,-23.34%,
AGNC,AGNC Investment Corp.,,9.74+0.06(+0.62%),+0.06,+0.62%,19.46M,25.079M,10.146B,27.06,-2.70%,
GLW,Corning Incorporated,,61.98+6.57(+11.86%),+6.57,+11.86%,16.548M,4.738M,53.022B,65.94,+54.91%,
FLS,Flowserve Corporation,,56.20+1.34(+2.44%),+1.34,+2.44%,16.2M,2.686M,7.349B,25.43,+11.18%,
NCLH,Norwegian Cruise Line Holdings Ltd.,,23.41-0.47(-1.97%),-0.47,-1.97%,16.198M,14.854M,10.46B,13.30,+27.02%,
RKT,"Rocket Companies, Inc.",,15.20+0.16(+1.06%),+0.16,+1.06%,16.685M,15.921M,32.082B,--,-6.11%,
AVGO,Broadcom Inc.,,297.42+3.12(+1.06%),+3.12,+1.06%,18.874M,20.94M,1.399T,108.55,+85.10%,
XOM,Exxon Mobil Corporation,,112.88+1.44(+1.29%),+1.44,+1.29%,15.919M,16.797M,486.472B,14.97,-4.81%,
CVE,Cenovus Energy Inc.,,15.17+0.15(+1.00%),+0.15,+1.00%,15.639M,12.859M,27.55B,13.67,-24.64%,
OKLO,Oklo Inc.,,71.01-4.49(-5.95%),-4.49,-5.95%,15.839M,21.503M,10.466B,--,+680.33%,
EXEL,"Exelixis, Inc.",,36.94-7.45(-16.78%),-7.45,-16.78%,15.718M,3.616M,9.944B,17.76,+57.53%,
WHR,Whirlpool Corporation,,84.76-13.15(-13.43%),-13.15,-13.43%,14.666M,1.507M,4.714B,--,-16.88%,
ET,Energy Transfer LP,,18.16+0.38(+2.14%),+0.38,+2.14%,14.606M,13.377M,62.321B,13.76,+11.62%,
CLS,Celestica Inc.,,202.00+28.63(+16.51%),+28.63,+16.51%,14.553M,3.678M,23.311B,44.01,+285.20%,
CX,"CEMEX, S.A.B. de C.V.",,8.64+0.23(+2.73%),+0.23,+2.73%,15.259M,13.079M,12.535B,14.16,+34.58%,
CORZ,"Core Scientific, Inc.",,13.19-0.56(-4.04%),-0.56,-4.04%,14.433M,17.632M,4.006B,--,+35.28%,
PII,Polaris Inc.,,57.81+8.33(+16.84%),+8.33,+16.84%,6.159M,1.629M,3.249B,--,-30.58%,
MPW,"Medical Properties Trust, Inc.",,4.2200-0.0400(-0.94%),-0.0400,-0.94%,6.142M,8.943M,2.535B,--,-12.27%,
STX,Seagate Technology Holdings plc,,152.68+2.22(+1.48%),+2.22,+1.48%,6.127M,4.109M,32.401B,21.94,+49.44%,
NEM,Newmont Corporation,,63.99+0.33(+0.52%),+0.33,+0.52%,6.211M,12.597M,70.29B,11.59,+30.41%,
APA,APA Corporation,,19.68+0.11(+0.56%),+0.11,+0.56%,6.102M,7.435M,7.101B,7.05,-36.90%,
SCHW,The Charles Schwab Corporation,,97.910.00(0.00%),0.00,0.00%,6.107M,8.072M,177.9B,26.32,+50.19%,
RDDT,"Reddit, Inc.",,144.85-6.75(-4.45%),-6.75,-4.45%,6.174M,8.252M,26.728B,29.03,+138.04%,
GME,GameStop Corp.,,22.55-0.43(-1.87%),-0.43,-1.87%,5.988M,14.744M,10.087B,42.55,-0.53%,
GT,The Goodyear Tire & Rubber Company,,10.45-0.29(-2.70%),-0.29,-2.70%,6.758M,6.235M,2.986B,12.44,-10.68%,
DAL,"Delta Air Lines, Inc.",,54.50-1.11(-2.00%),-1.11,-2.00%,5.909M,10.769M,35.586B,7.92,+26.69%,
TAK,Takeda Pharmaceutical Company Limited,,14.32+0.01(+0.07%),+0.01,+0.07%,5.898M,2.609M,46.018B,62.26,+3.17%,
RBLX,Roblox Corporation,,118.33-2.63(-2.17%),-2.63,-2.17%,6.593M,8.707M,80.261B,--,+185.00%,
ASAN,"Asana, Inc.",,15.21+0.18(+1.20%),+0.18,+1.20%,5.889M,3.665M,3.579B,--,+4.54%,
IBN,ICICI Bank Limited,,33.78-0.06(-0.18%),-0.06,-0.18%,5.871M,4.645M,122.24B,19.87,+16.04%,
ZETA,Zeta Global Holdings Corp.,,15.48-0.57(-3.55%),-0.57,-3.55%,5.85M,7.434M,3.646B,--,-27.73%,
ABT,Abbott Laboratories,,128.01+1.66(+1.31%),+1.66,+1.31%,5.833M,6.75M,222.717B,16.04,+20.83%,
HTZ,"Hertz Global Holdings, Inc.",,6.71-0.25(-3.59%),-0.25,-3.59%,6.197M,8.628M,2.075B,--,+64.46%,
EPD,Enterprise Products Partners L.P.,,31.43+0.28(+0.90%),+0.28,+0.90%,5.803M,4.06M,68.169B,11.73,+8.91%,
WMB,"The Williams Companies, Inc.",,58.89+1.38(+2.40%),+1.38,+2.40%,5.768M,7.793M,71.905B,31.66,+37.14%,
FI,"Fiserv, Inc.",,142.50+2.56(+1.83%),+2.56,+1.83%,5.897M,5.816M,77.462B,23.79,-12.88%,
KIM,Kimco Realty Corporation,,21.93+0.38(+1.76%),+0.38,+1.76%,5.743M,4.224M,14.836B,28.86,+0.92%,
LRCX,Lam Research Corporation,,98.94+0.32(+0.32%),+0.32,+0.32%,7.1M,9.997M,126.556B,27.56,+7.40%,
OLN,Olin Corporation,,21.89+1.06(+5.09%),+1.06,+5.09%,5.642M,2.129M,2.509B,--,-52.01%,
FE,FirstEnergy Corp.,,41.80+0.39(+0.94%),+0.39,+0.94%,5.618M,4.457M,24.125B,22.23,-0.26%,
V,Visa Inc.,,351.29-4.18(-1.18%),-4.18,-1.18%,5.712M,6.158M,686.245B,34.37,+32.23%,
TOST,"Toast, Inc.",,48.55-0.38(-0.78%),-0.38,-0.78%,6.65M,7.771M,28.087B,179.81,+85.59%,
EQT,EQT Corporation,,53.10+1.19(+2.29%),+1.19,+2.29%,6.568M,8.216M,33.137B,27.95,+53.87%,
HPQ,HP Inc.,,25.67-0.18(-0.70%),-0.18,-0.70%,6.551M,8.609M,24.111B,9.87,-28.87%,
TGI,"Triumph Group, Inc.",,26.01+0.16(+0.62%),+0.16,+0.62%,6.088M,1.372M,2.023B,56.54,+58.69%,
TER,"Teradyne, Inc.",,90.55-0.59(-0.65%),-0.59,-0.65%,6.488M,3.186M,14.526B,25.65,-30.96%,
ENPH,"Enphase Energy, Inc.",,33.48-1.47(-4.21%),-1.47,-4.21%,6.956M,9.147M,4.378B,25.95,-70.91%,
ABBV,AbbVie Inc.,,191.22+2.70(+1.43%),+2.70,+1.43%,6.485M,6.303M,337.771B,81.72,+3.18%,
DKNG,DraftKings Inc.,,43.60-0.68(-1.54%),-0.68,-1.54%,7.727M,9.607M,21.638B,--,+18.00%,
UAA,"Under Armour, Inc.",,6.88-0.28(-3.91%),-0.28,-3.91%,6.545M,11.873M,2.859B,--,-1.29%,
WEN,The Wendy's Company,,10.18-0.18(-1.74%),-0.18,-1.74%,7.127M,6.63M,1.955B,10.83,-39.87%,
GAP,"The Gap, Inc.",,19.86-0.54(-2.65%),-0.54,-2.65%,6.385M,10.324M,7.409B,8.63,-15.42%,
EW,Edwards Lifesciences Corporation,,80.47+1.98(+2.52%),+1.98,+2.52%,6.361M,4.357M,47.204B,33.67,+27.63%,
FLEX,Flex Ltd.,,51.80+1.31(+2.59%),+1.31,+2.59%,6.358M,4.543M,19.442B,22.82,+61.12%,
BSX,Boston Scientific Corporation,,106.47+0.63(+0.60%),+0.63,+0.60%,6.352M,7.472M,157.517B,63.38,+44.11%,
IP,International Paper Company,,54.44-1.06(-1.91%),-1.06,-1.91%,6.336M,4.222M,28.739B,46.53,+17.13%,
GSK,GSK plc,,37.67+0.22(+0.59%),+0.22,+0.59%,6.335M,5.358M,76.018B,18.38,-2.84%,
M,"Macy's, Inc.",,13.31-0.41(-2.99%),-0.41,-2.99%,6.333M,7.232M,3.614B,6.72,-22.97%,
CTRA,Coterra Energy Inc.,,24.22+0.41(+1.72%),+0.41,+1.72%,6.275M,7.557M,18.486B,14.16,-6.12%,
GILD,"Gilead Sciences, Inc.",,114.23+1.20(+1.06%),+1.20,+1.06%,6.266M,7.812M,142.094B,24.00,+50.18%,
MGM,MGM Resorts International,,37.41-1.15(-2.98%),-1.15,-2.98%,6.224M,4.936M,10.181B,16.70,-12.94%,
MDLZ,"Mondelez International, Inc.",,69.71+0.13(+0.19%),+0.13,+0.19%,7.803M,6.989M,90.262B,25.53,+1.99%,
LLY,Eli Lilly and Company,,762.95-45.16(-5.59%),-45.16,-5.59%,6.225M,3.825M,684.928B,62.13,-5.14%,
NWL,Newell Brands Inc.,,5.95-0.22(-3.57%),-0.22,-3.57%,7.002M,9.045M,2.485B,--,-30.73%,
PDD,PDD Holdings Inc.,,115.42-1.35(-1.15%),-1.35,-1.15%,6.88M,7.715M,163.849B,12.33,-10.45%,
USB,U.S. Bancorp,,46.090.00(0.00%),0.00,0.00%,10.033M,10.154M,71.81B,11.03,+2.70%,
ALB,Albemarle Corporation,,71.60-3.17(-4.24%),-3.17,-4.24%,5.576M,4.008M,8.425B,--,-23.56%,
CHWY,"Chewy, Inc.",,36.22-0.09(-0.25%),-0.09,-0.25%,5.566M,7.231M,14.952B,39.80,+49.79%,
VNET,"VNET Group, Inc.",,8.28-0.06(-0.72%),-0.06,-0.72%,5.667M,6.373M,2.228B,--,+300.00%,
BTI,British American Tobacco p.l.c.,,52.77+0.99(+1.91%),+0.99,+1.91%,5.564M,6.684M,115.344B,28.84,+48.06%,
TJX,"The TJX Companies, Inc.",,126.37+0.98(+0.78%),+0.98,+0.78%,5.543M,5.279M,140.981B,29.73,+11.81%,
RCL,Royal Caribbean Cruises Ltd.,,334.37-17.63(-5.01%),-17.63,-5.01%,5.513M,2.284M,90.802B,24.88,+113.36%,
KR,The Kroger Co.,,69.30-0.02(-0.03%),-0.02,-0.03%,5.51M,7.155M,45.818B,18.88,+27.16%,
PRMB,Primo Brands Corporation,,28.25-0.08(-0.28%),-0.08,-0.28%,5.507M,7.076M,10.545B,--,+28.82%,
APLS,"Apellis Pharmaceuticals, Inc.",,18.95+0.20(+1.07%),+0.20,+1.07%,5.506M,2.463M,2.382B,--,-52.15%,
ARCC,Ares Capital Corporation,,22.54-0.16(-0.70%),-0.16,-0.70%,6.178M,3.805M,15.899B,11.05,+7.64%,
TPR,"Tapestry, Inc.",,107.40-3.02(-2.74%),-3.02,-2.74%,5.418M,3.889M,22.306B,28.26,+167.90%,
VTRS,Viatris Inc.,,9.19-0.07(-0.76%),-0.07,-0.76%,6.878M,12.973M,10.786B,--,-23.80%,
TXN,Texas Instruments Incorporated,,191.38+2.13(+1.13%),+2.13,+1.13%,7.141M,6.885M,173.991B,34.99,-6.10%,
GENI,Genius Sports Limited,,10.17-0.15(-1.45%),-0.15,-1.45%,5.36M,5.013M,2.409B,--,+48.90%,
TAL,TAL Education Group,,10.20-0.05(-0.49%),-0.05,-0.49%,5.353M,6.109M,6.207B,72.86,+1.80%,
DVN,Devon Energy Corporation,,34.22+0.13(+0.38%),+0.13,+0.38%,5.36M,8.052M,21.973B,7.79,-27.24%,
SAND,Sandstorm Gold Ltd.,,9.42+0.04(+0.43%),+0.04,+0.43%,5.464M,6.615M,2.765B,94.20,+63.83%,
MNST,Monster Beverage Corporation,,61.39+1.18(+1.96%),+1.18,+1.96%,5.311M,5.59M,59.87B,40.39,+19.32%,
OWL,Blue Owl Capital Inc.,,19.85+0.04(+0.20%),+0.04,+0.20%,5.295M,7.35M,30.727B,124.06,+4.09%,
WELL,Welltower Inc.,,165.96+7.67(+4.85%),+7.67,+4.85%,5.267M,2.905M,110.383B,92.72,+49.18%,
AR,Antero Resources Corporation,,33.73+1.08(+3.31%),+1.08,+3.31%,5.277M,4.929M,10.474B,43.81,+16.23%,
NXE,NexGen Energy Ltd.,,7.00-0.14(-1.96%),-0.14,-1.96%,5.238M,9.314M,3.998B,--,+4.95%,
SWK,"Stanley Black & Decker, Inc.",,68.61-5.32(-7.20%),-5.32,-7.20%,5.218M,2.577M,10.615B,21.71,-35.04%,
SO,The Southern Company,,95.20+0.90(+0.95%),+0.90,+0.95%,5.217M,5.269M,104.738B,22.83,+13.98%,
SHOP,Shopify Inc.,,124.85-1.99(-1.57%),-1.99,-1.57%,5.877M,10.824M,162.421B,100.69,+104.00%,
